{"train/loss": 2.0147, "train/grad_norm": 1.9734060764312744, "train/learning_rate": 3.5714285714285714e-06, "train/epoch": 0.0032666394446712946, "train/global_step": 1, "_timestamp": 1722741466.5159593, "_runtime": 12.025680303573608, "_step": 0, "_wandb": {"runtime": 13}}