{"train/loss": 2.1063, "train/grad_norm": 1.8640540838241577, "train/learning_rate": 3.571428571428572e-05, "train/epoch": 0.032666394446712946, "train/global_step": 10, "_timestamp": 1722734164.6669734, "_runtime": 53.694716453552246, "_step": 1}