{"train/loss": 2.0147, "train/grad_norm": 1.9738043546676636, "train/learning_rate": 3.5714285714285714e-06, "train/epoch": 0.0032666394446712946, "train/global_step": 1, "_timestamp": 1722741713.1086745, "_runtime": 11.82101559638977, "_step": 0, "_wandb": {"runtime": 29}}