{"train/loss": 2.9398, "train/grad_norm": 0.2995568513870239, "train/learning_rate": 0.0003999331874592861, "train/epoch": 0.0001670301893148004, "train/global_step": 10, "_timestamp": 1722810027.733351, "_runtime": 24.367544889450073, "_step": 0}