{"train/loss": 2.7858, "train/grad_norm": 0.1726250797510147, "train/learning_rate": 0.00039997327453731543, "train/epoch": 0.0003340599136455123, "train/global_step": 10, "_timestamp": 1722804437.332851, "_runtime": 21.70795202255249, "_step": 0}