{"train/loss": 2.0147, "train/grad_norm": 1.9730141162872314, "train/learning_rate": 3.5714285714285714e-06, "train/epoch": 0.0032666394446712946, "train/global_step": 1, "_timestamp": 1722737644.7681186, "_runtime": 10.760159730911255, "_step": 0, "_wandb": {"runtime": 42}}