{"train/loss": 2.5844, "train/grad_norm": 0.3195568025112152, "train/learning_rate": 0.00039979956237785836, "train/epoch": 0.0005010905679444012, "train/global_step": 30, "_timestamp": 1722808790.8184795, "_runtime": 62.03511643409729, "_step": 2}