{"train/loss": 2.4344, "train/grad_norm": 0.19512823224067688, "train/learning_rate": 0.00039986637268657715, "train/epoch": 0.0016702995682275617, "train/global_step": 50, "_timestamp": 1722804623.6054122, "_runtime": 84.80954313278198, "_step": 4}