{"train/loss": 2.0147, "train/grad_norm": 1.9738672971725464, "train/learning_rate": 3.5714285714285714e-06, "train/epoch": 0.0032666394446712946, "train/global_step": 1, "_timestamp": 1722740810.337746, "_runtime": 12.072793960571289, "_step": 0}