{"train/loss": 3.2452, "train/grad_norm": 0.3218368589878082, "train/learning_rate": 0.000399996659386914, "train/epoch": 4.17575473287001e-05, "train/global_step": 10, "_timestamp": 1722808225.1237206, "_runtime": 10.80873155593872, "_step": 0}