{"train/loss": 2.7521, "train/grad_norm": 0.16454607248306274, "train/learning_rate": 0.00039997327453731543, "train/epoch": 0.0003340599136455123, "train/global_step": 10, "_timestamp": 1722804362.1148372, "_runtime": 21.40398120880127, "_step": 0}